SampleID,LatLong
AG_HC_001,"35.4699248¡N, 76.0262227¡W"
AG_HC_002,"35.4699248¡N, 76.0262227¡W"
AG_HC_003,"35.4699248¡N, 76.0262227¡W"
AG_HC_004,"35.4699248¡N, 76.0262227¡W"
AG_HC_005,"35.4641076¡N, 76.0174063¡W"
AG_HC_006,"35.4641076¡N, 76.0174063¡W"
AG_HC_007,"35.4641076¡N, 76.0174063¡W"
AG_HC_008,"35.4641076¡N, 76.0174063¡W"
AG_HC_009,"35.4690952¡N, 76.0159557¡W"
AG_HC_010,"35.4690952¡N, 76.0159557¡W"
AG_HC_011,"35.4690952¡N, 76.0159557¡W"
AG_HC_012,"35.4690952¡N, 76.0159557¡W"
AG_HC_013,"35.4864271¡N, 76.0046066¡W"
AG_HC_014,"35.4864271¡N, 76.0046066¡W"
AG_HC_015,"35.4864271¡N, 76.0046066¡W"
AG_HC_016,"35.4864271¡N, 76.0046066¡W"
AG_HC_017,"35.4865713¡N, 76.0041834¡W"
AG_HC_018,"35.4865713¡N, 76.0041834¡W"
AG_HC_019,"35.4865713¡N, 76.0041834¡W"
AG_HC_020,"35.4865713¡N, 76.0041834¡W"
AG_HC_021,"35.4865713¡N, 76.0041834¡W"
AG_HC_022,"35.4865713¡N, 76.0041834¡W"
AG_HC_023,"35.4865713¡N, 76.0041834¡W"
AG_HC_024,"35.4865713¡N, 76.0041834¡W"
AG_HC_025,"35.470017¡N, 76.026535¡W"
AG_HC_026,"35.464137¡N, 76.017814¡W"
AG_HC_027,"35.468921¡N, 76.016024¡W"
AG_HC_028,"35.486793¡N, 76.004892¡W"
AG_LD_001,"35.622340¡N, 77.220166¡W"
AG_LD_002,"35.622549¡N, 77.219664¡W"
AG_LD_003,"35.621811¡N, 77.219503¡W"
AG_LD_004,"35.622114¡N, 77.218908¡W"
AG_LD_005,"35.622773¡N, 77.219355¡W"
AG_LD_006,"35.622664¡N, 77.219175¡W"
AG_LD_007,"35.622487¡N, 77.218822¡W"
AG_LD_008,"35.622332¡N, 77.218338¡W"
AG_LD_009,"35.621739¡N, 77.217522¡W"
AG_LD_010,"35.621432¡N, 77.216835¡W"
AG_LD_011,"35.621220¡N, 77.215920¡W"
AG_LD_012,"35.620808¡N, 77.214975¡W"
AG_LD_013,"35.620214¡N, 77.217547¡W"
AG_LD_014,"35.620571¡N, 77.216929¡W"
AG_LD_015,"35.619903¡N, 77.217106¡W"
AG_LD_016,"35.620197¡N, 77.216420¡W"
AG_LD_017,"35.615044¡N, 77.224978¡W"
AG_LD_018,"35.614509¡N, 77.224865¡W"
AG_LD_019,"35.614096¡N, 77.224331¡W"
AG_LD_020,"35.613406¡N, 77.223358¡W"
AG_LD_021,"35.613399¡N, 77.223346¡W"
AG_LD_022,"35.614853¡N, 77.226709¡W"
AG_LD_023,"35.613670¡N, 77.226714¡W"
AG_LD_024,"35.613105¡N, 77.226235¡W"